Hidden_ID,Hacker_Guessed_ID,True_ID,Attack_Success
Unknown_Person_1,HG00096,HG00096,True
Unknown_Person_2,HG00097,HG00097,True
Unknown_Person_3,HG00099,HG00099,True
Unknown_Person_4,Failed to link,HG00100,False
Unknown_Person_5,HG00101,HG00101,True
Unknown_Person_6,HG00102,HG00102,True
Unknown_Person_7,HG00103,HG00103,True
Unknown_Person_8,HG00105,HG00105,True
Unknown_Person_9,HG00106,HG00106,True
Unknown_Person_10,HG00107,HG00107,True
Unknown_Person_11,HG00108,HG00108,True
Unknown_Person_12,HG00109,HG00109,True
Unknown_Person_13,Failed to link,HG00110,False
Unknown_Person_14,HG00111,HG00111,True
Unknown_Person_15,HG00112,HG00112,True
Unknown_Person_16,HG00113,HG00113,True
Unknown_Person_17,HG00114,HG00114,True
Unknown_Person_18,HG00115,HG00115,True
Unknown_Person_19,HG00116,HG00116,True
Unknown_Person_20,HG00117,HG00117,True
Unknown_Person_21,HG00118,HG00118,True
Unknown_Person_22,HG00119,HG00119,True
Unknown_Person_23,HG00120,HG00120,True
Unknown_Person_24,HG00121,HG00121,True
Unknown_Person_25,HG00122,HG00122,True
Unknown_Person_26,HG00123,HG00123,True
Unknown_Person_27,HG00125,HG00125,True
Unknown_Person_28,HG00126,HG00126,True
Unknown_Person_29,HG00127,HG00127,True
Unknown_Person_30,HG00128,HG00128,True
Unknown_Person_31,HG00129,HG00129,True
Unknown_Person_32,HG00130,HG00130,True
Unknown_Person_33,HG00131,HG00131,True
Unknown_Person_34,HG00132,HG00132,True
Unknown_Person_35,Failed to link,HG00133,False
Unknown_Person_36,Failed to link,HG00136,False
Unknown_Person_37,HG00137,HG00137,True
Unknown_Person_38,HG00138,HG00138,True
Unknown_Person_39,Failed to link,HG00139,False
Unknown_Person_40,HG00140,HG00140,True
Unknown_Person_41,HG00141,HG00141,True
Unknown_Person_42,HG00142,HG00142,True
Unknown_Person_43,HG00143,HG00143,True
Unknown_Person_44,HG00145,HG00145,True
Unknown_Person_45,Failed to link,HG00146,False
Unknown_Person_46,HG00148,HG00148,True
Unknown_Person_47,HG00149,HG00149,True
Unknown_Person_48,HG00150,HG00150,True
Unknown_Person_49,HG00151,HG00151,True
Unknown_Person_50,Failed to link,HG00154,False
Unknown_Person_51,HG00155,HG00155,True
Unknown_Person_52,HG00157,HG00157,True
Unknown_Person_53,Failed to link,HG00158,False
Unknown_Person_54,HG00159,HG00159,True
Unknown_Person_55,HG00160,HG00160,True
Unknown_Person_56,HG00171,HG00171,True
Unknown_Person_57,HG00173,HG00173,True
Unknown_Person_58,Failed to link,HG00174,False
Unknown_Person_59,HG00176,HG00176,True
Unknown_Person_60,HG00177,HG00177,True
Unknown_Person_61,HG00178,HG00178,True
Unknown_Person_62,HG00179,HG00179,True
Unknown_Person_63,HG00180,HG00180,True
Unknown_Person_64,HG00181,HG00181,True
Unknown_Person_65,HG00182,HG00182,True
Unknown_Person_66,HG00183,HG00183,True
Unknown_Person_67,Failed to link,HG00185,False
Unknown_Person_68,Failed to link,HG00186,False
Unknown_Person_69,HG00187,HG00187,True
Unknown_Person_70,Failed to link,HG00188,False
Unknown_Person_71,Failed to link,HG00189,False
Unknown_Person_72,Failed to link,HG00190,False
Unknown_Person_73,HG00231,HG00231,True
Unknown_Person_74,HG00232,HG00232,True
Unknown_Person_75,HG00233,HG00233,True
Unknown_Person_76,HG00234,HG00234,True
Unknown_Person_77,HG00235,HG00235,True
Unknown_Person_78,HG00236,HG00236,True
Unknown_Person_79,HG00237,HG00237,True
Unknown_Person_80,HG00238,HG00238,True
Unknown_Person_81,HG00239,HG00239,True
Unknown_Person_82,HG00240,HG00240,True
Unknown_Person_83,HG00242,HG00242,True
Unknown_Person_84,HG00243,HG00243,True
Unknown_Person_85,HG00244,HG00244,True
Unknown_Person_86,Failed to link,HG00245,False
Unknown_Person_87,HG00246,HG00246,True
Unknown_Person_88,HG00250,HG00250,True
Unknown_Person_89,HG00251,HG00251,True
Unknown_Person_90,Failed to link,HG00252,False
Unknown_Person_91,HG00253,HG00253,True
Unknown_Person_92,Failed to link,HG00254,False
Unknown_Person_93,HG00255,HG00255,True
Unknown_Person_94,Failed to link,HG00256,False
Unknown_Person_95,Failed to link,HG00257,False
Unknown_Person_96,Failed to link,HG00258,False
Unknown_Person_97,HG00259,HG00259,True
Unknown_Person_98,HG00260,HG00260,True
Unknown_Person_99,HG00261,HG00261,True
Unknown_Person_100,HG00262,HG00262,True
Unknown_Person_101,HG00263,HG00263,True
Unknown_Person_102,HG00264,HG00264,True
Unknown_Person_103,HG00265,HG00265,True
Unknown_Person_104,HG00266,HG00266,True
Unknown_Person_105,HG00267,HG00267,True
Unknown_Person_106,HG00268,HG00268,True
Unknown_Person_107,Failed to link,HG00269,False
Unknown_Person_108,HG00271,HG00271,True
Unknown_Person_109,Failed to link,HG00272,False
Unknown_Person_110,Failed to link,HG00273,False
Unknown_Person_111,HG00274,HG00274,True
Unknown_Person_112,Failed to link,HG00275,False
Unknown_Person_113,HG00276,HG00276,True
Unknown_Person_114,Failed to link,HG00277,False
Unknown_Person_115,HG00278,HG00278,True
Unknown_Person_116,HG00280,HG00280,True
Unknown_Person_117,Failed to link,HG00281,False
Unknown_Person_118,HG00282,HG00282,True
Unknown_Person_119,HG00284,HG00284,True
Unknown_Person_120,HG00285,HG00285,True
Unknown_Person_121,HG00288,HG00288,True
Unknown_Person_122,HG00290,HG00290,True
Unknown_Person_123,Failed to link,HG00304,False
Unknown_Person_124,HG00306,HG00306,True
Unknown_Person_125,HG00308,HG00308,True
Unknown_Person_126,Failed to link,HG00309,False
Unknown_Person_127,Failed to link,HG00310,False
Unknown_Person_128,HG00311,HG00311,True
Unknown_Person_129,Failed to link,HG00313,False
Unknown_Person_130,Failed to link,HG00315,False
Unknown_Person_131,HG00318,HG00318,True
Unknown_Person_132,HG00319,HG00319,True
Unknown_Person_133,HG00320,HG00320,True
Unknown_Person_134,HG00321,HG00321,True
Unknown_Person_135,Failed to link,HG00323,False
Unknown_Person_136,HG00324,HG00324,True
Unknown_Person_137,Failed to link,HG00325,False
Unknown_Person_138,HG00326,HG00326,True
Unknown_Person_139,HG00327,HG00327,True
Unknown_Person_140,HG00328,HG00328,True
Unknown_Person_141,HG00329,HG00329,True
Unknown_Person_142,Failed to link,HG00330,False
Unknown_Person_143,HG00331,HG00331,True
Unknown_Person_144,HG00332,HG00332,True
Unknown_Person_145,HG00334,HG00334,True
Unknown_Person_146,Failed to link,HG00335,False
Unknown_Person_147,HG00336,HG00336,True
Unknown_Person_148,HG00337,HG00337,True
Unknown_Person_149,Failed to link,HG00338,False
Unknown_Person_150,Failed to link,HG00339,False
Unknown_Person_151,Failed to link,HG00341,False
Unknown_Person_152,HG00342,HG00342,True
Unknown_Person_153,Failed to link,HG00343,False
Unknown_Person_154,HG00344,HG00344,True
Unknown_Person_155,Failed to link,HG00345,False
Unknown_Person_156,HG00346,HG00346,True
Unknown_Person_157,Failed to link,HG00349,False
Unknown_Person_158,HG00350,HG00350,True
Unknown_Person_159,HG00351,HG00351,True
Unknown_Person_160,HG00353,HG00353,True
Unknown_Person_161,HG00355,HG00355,True
Unknown_Person_162,HG00356,HG00356,True
Unknown_Person_163,HG00357,HG00357,True
Unknown_Person_164,Failed to link,HG00358,False
Unknown_Person_165,HG00360,HG00360,True
Unknown_Person_166,HG00361,HG00361,True
Unknown_Person_167,HG00362,HG00362,True
Unknown_Person_168,HG00364,HG00364,True
Unknown_Person_169,HG00365,HG00365,True
Unknown_Person_170,HG00366,HG00366,True
Unknown_Person_171,HG00367,HG00367,True
Unknown_Person_172,HG00368,HG00368,True
Unknown_Person_173,Failed to link,HG00369,False
Unknown_Person_174,Failed to link,HG00371,False
Unknown_Person_175,HG00372,HG00372,True
Unknown_Person_176,Failed to link,HG00373,False
Unknown_Person_177,Failed to link,HG00375,False
Unknown_Person_178,HG00376,HG00376,True
Unknown_Person_179,HG00378,HG00378,True
Unknown_Person_180,HG00379,HG00379,True
Unknown_Person_181,HG00380,HG00380,True
Unknown_Person_182,HG00381,HG00381,True
Unknown_Person_183,HG00382,HG00382,True
Unknown_Person_184,HG00383,HG00383,True
Unknown_Person_185,HG00384,HG00384,True
Unknown_Person_186,Failed to link,HG00403,False
Unknown_Person_187,Failed to link,HG00404,False
Unknown_Person_188,Failed to link,HG00406,False
Unknown_Person_189,HG00407,HG00407,True
Unknown_Person_190,Failed to link,HG00409,False
Unknown_Person_191,Failed to link,HG00410,False
Unknown_Person_192,HG00419,HG00419,True
Unknown_Person_193,Failed to link,HG00421,False
Unknown_Person_194,Failed to link,HG00422,False
Unknown_Person_195,HG00428,HG00428,True
Unknown_Person_196,HG00436,HG00436,True
Unknown_Person_197,HG00437,HG00437,True
Unknown_Person_198,Failed to link,HG00442,False
Unknown_Person_199,Failed to link,HG00443,False
Unknown_Person_200,HG00445,HG00445,True
Unknown_Person_201,Failed to link,HG00446,False
Unknown_Person_202,HG00448,HG00448,True
Unknown_Person_203,Failed to link,HG00449,False
Unknown_Person_204,HG00451,HG00451,True
Unknown_Person_205,Failed to link,HG00452,False
Unknown_Person_206,Failed to link,HG00457,False
Unknown_Person_207,Failed to link,HG00458,False
Unknown_Person_208,Failed to link,HG00463,False
Unknown_Person_209,Failed to link,HG00464,False
Unknown_Person_210,HG00472,HG00472,True
Unknown_Person_211,Failed to link,HG00473,False
Unknown_Person_212,HG00475,HG00475,True
Unknown_Person_213,Failed to link,HG00476,False
Unknown_Person_214,HG00478,HG00478,True
Unknown_Person_215,Failed to link,HG00479,False
Unknown_Person_216,HG00500,HG00500,True
Unknown_Person_217,Failed to link,HG00513,False
Unknown_Person_218,HG00524,HG00524,True
Unknown_Person_219,HG00525,HG00525,True
Unknown_Person_220,HG00530,HG00530,True
Unknown_Person_221,HG00531,HG00531,True
Unknown_Person_222,Failed to link,HG00533,False
Unknown_Person_223,Failed to link,HG00534,False
Unknown_Person_224,Failed to link,HG00536,False
Unknown_Person_225,Failed to link,HG00537,False
Unknown_Person_226,HG00542,HG00542,True
Unknown_Person_227,HG00543,HG00543,True
Unknown_Person_228,Failed to link,HG00551,False
Unknown_Person_229,HG00553,HG00553,True
Unknown_Person_230,HG00554,HG00554,True
Unknown_Person_231,Failed to link,HG00556,False
Unknown_Person_232,Failed to link,HG00557,False
Unknown_Person_233,Failed to link,HG00559,False
Unknown_Person_234,HG00560,HG00560,True
Unknown_Person_235,HG00565,HG00565,True
Unknown_Person_236,Failed to link,HG00566,False
Unknown_Person_237,Failed to link,HG00580,False
Unknown_Person_238,Failed to link,HG00581,False
Unknown_Person_239,HG00583,HG00583,True
Unknown_Person_240,HG00584,HG00584,True
Unknown_Person_241,Failed to link,HG00589,False
Unknown_Person_242,Failed to link,HG00590,False
Unknown_Person_243,Failed to link,HG00592,False
Unknown_Person_244,Failed to link,HG00593,False
Unknown_Person_245,Failed to link,HG00595,False
Unknown_Person_246,Failed to link,HG00596,False
Unknown_Person_247,Failed to link,HG00598,False
Unknown_Person_248,Failed to link,HG00599,False
Unknown_Person_249,Failed to link,HG00607,False
Unknown_Person_250,HG00608,HG00608,True
Unknown_Person_251,Failed to link,HG00610,False
Unknown_Person_252,Failed to link,HG00611,False
Unknown_Person_253,Failed to link,HG00613,False
Unknown_Person_254,Failed to link,HG00614,False
Unknown_Person_255,Failed to link,HG00619,False
Unknown_Person_256,Failed to link,HG00620,False
Unknown_Person_257,Failed to link,HG00622,False
Unknown_Person_258,HG00623,HG00623,True
Unknown_Person_259,Failed to link,HG00625,False
Unknown_Person_260,Failed to link,HG00626,False
Unknown_Person_261,HG00628,HG00628,True
Unknown_Person_262,Failed to link,HG00629,False
Unknown_Person_263,Failed to link,HG00631,False
Unknown_Person_264,Failed to link,HG00632,False
Unknown_Person_265,HG00634,HG00634,True
Unknown_Person_266,HG00637,HG00637,True
Unknown_Person_267,Failed to link,HG00638,False
Unknown_Person_268,HG00640,HG00640,True
Unknown_Person_269,HG00641,HG00641,True
Unknown_Person_270,Failed to link,HG00650,False
Unknown_Person_271,HG00651,HG00651,True
Unknown_Person_272,HG00653,HG00653,True
Unknown_Person_273,HG00654,HG00654,True
Unknown_Person_274,Failed to link,HG00656,False
Unknown_Person_275,Failed to link,HG00657,False
Unknown_Person_276,Failed to link,HG00662,False
Unknown_Person_277,Failed to link,HG00663,False
Unknown_Person_278,Failed to link,HG00671,False
Unknown_Person_279,Failed to link,HG00672,False
Unknown_Person_280,HG00674,HG00674,True
Unknown_Person_281,Failed to link,HG00675,False
Unknown_Person_282,HG00683,HG00683,True
Unknown_Person_283,Failed to link,HG00684,False
Unknown_Person_284,Failed to link,HG00689,False
Unknown_Person_285,Failed to link,HG00690,False
Unknown_Person_286,Failed to link,HG00692,False
Unknown_Person_287,Failed to link,HG00693,False
Unknown_Person_288,HG00698,HG00698,True
Unknown_Person_289,Failed to link,HG00699,False
Unknown_Person_290,Failed to link,HG00701,False
Unknown_Person_291,Failed to link,HG00704,False
Unknown_Person_292,Failed to link,HG00705,False
Unknown_Person_293,HG00707,HG00707,True
Unknown_Person_294,Failed to link,HG00708,False
Unknown_Person_295,HG00717,HG00717,True
Unknown_Person_296,HG00728,HG00728,True
Unknown_Person_297,HG00729,HG00729,True
Unknown_Person_298,Failed to link,HG00731,False
Unknown_Person_299,HG00732,HG00732,True
Unknown_Person_300,HG00734,HG00734,True
Unknown_Person_301,HG00736,HG00736,True
Unknown_Person_302,HG00737,HG00737,True
Unknown_Person_303,HG00739,HG00739,True
Unknown_Person_304,HG00740,HG00740,True
Unknown_Person_305,Failed to link,HG00742,False
Unknown_Person_306,Failed to link,HG00743,False
Unknown_Person_307,Failed to link,HG00759,False
Unknown_Person_308,Failed to link,HG00766,False
Unknown_Person_309,Failed to link,HG00844,False
Unknown_Person_310,Failed to link,HG00851,False
Unknown_Person_311,HG00864,HG00864,True
Unknown_Person_312,HG00867,HG00867,True
Unknown_Person_313,HG00879,HG00879,True
Unknown_Person_314,Failed to link,HG00881,False
Unknown_Person_315,Failed to link,HG00956,False
Unknown_Person_316,Failed to link,HG00978,False
Unknown_Person_317,Failed to link,HG00982,False
Unknown_Person_318,Failed to link,HG01028,False
Unknown_Person_319,Failed to link,HG01029,False
Unknown_Person_320,Failed to link,HG01031,False
Unknown_Person_321,Failed to link,HG01046,False
Unknown_Person_322,Failed to link,HG01047,False
Unknown_Person_323,Failed to link,HG01048,False
Unknown_Person_324,Failed to link,HG01049,False
Unknown_Person_325,HG01051,HG01051,True
Unknown_Person_326,HG01052,HG01052,True
Unknown_Person_327,Failed to link,HG01054,False
Unknown_Person_328,Failed to link,HG01055,False
Unknown_Person_329,HG01058,HG01058,True
Unknown_Person_330,HG01060,HG01060,True
Unknown_Person_331,Failed to link,HG01061,False
Unknown_Person_332,Failed to link,HG01063,False
Unknown_Person_333,HG01064,HG01064,True
Unknown_Person_334,Failed to link,HG01066,False
Unknown_Person_335,HG01067,HG01067,True
Unknown_Person_336,Failed to link,HG01069,False
Unknown_Person_337,HG01070,HG01070,True
Unknown_Person_338,HG01072,HG01072,True
Unknown_Person_339,Failed to link,HG01073,False
Unknown_Person_340,Failed to link,HG01075,False
Unknown_Person_341,HG01077,HG01077,True
Unknown_Person_342,Failed to link,HG01079,False
Unknown_Person_343,HG01080,HG01080,True
Unknown_Person_344,HG01082,HG01082,True
Unknown_Person_345,HG01083,HG01083,True
Unknown_Person_346,HG01085,HG01085,True
Unknown_Person_347,Failed to link,HG01086,False
Unknown_Person_348,HG01088,HG01088,True
Unknown_Person_349,HG01089,HG01089,True
Unknown_Person_350,HG01092,HG01092,True
Unknown_Person_351,HG01094,HG01094,True
Unknown_Person_352,HG01095,HG01095,True
Unknown_Person_353,HG01097,HG01097,True
Unknown_Person_354,Failed to link,HG01098,False
Unknown_Person_355,HG01101,HG01101,True
Unknown_Person_356,Failed to link,HG01102,False
Unknown_Person_357,Failed to link,HG01104,False
Unknown_Person_358,HG01105,HG01105,True
Unknown_Person_359,HG01107,HG01107,True
Unknown_Person_360,Failed to link,HG01108,False
Unknown_Person_361,HG01110,HG01110,True
Unknown_Person_362,HG01111,HG01111,True
Unknown_Person_363,Failed to link,HG01112,False
Unknown_Person_364,HG01113,HG01113,True
Unknown_Person_365,HG01119,HG01119,True
Unknown_Person_366,Failed to link,HG01121,False
Unknown_Person_367,HG01122,HG01122,True
Unknown_Person_368,HG01124,HG01124,True
Unknown_Person_369,HG01125,HG01125,True
Unknown_Person_370,HG01130,HG01130,True
Unknown_Person_371,HG01131,HG01131,True
Unknown_Person_372,HG01133,HG01133,True
Unknown_Person_373,Failed to link,HG01134,False
Unknown_Person_374,HG01136,HG01136,True
Unknown_Person_375,HG01137,HG01137,True
Unknown_Person_376,Failed to link,HG01139,False
Unknown_Person_377,Failed to link,HG01140,False
Unknown_Person_378,HG01142,HG01142,True
Unknown_Person_379,HG01148,HG01148,True
Unknown_Person_380,HG01149,HG01149,True
Unknown_Person_381,HG01161,HG01161,True
Unknown_Person_382,HG01162,HG01162,True
Unknown_Person_383,Failed to link,HG01164,False
Unknown_Person_384,HG01167,HG01167,True
Unknown_Person_385,HG01168,HG01168,True
Unknown_Person_386,HG01170,HG01170,True
Unknown_Person_387,HG01171,HG01171,True
Unknown_Person_388,HG01173,HG01173,True
Unknown_Person_389,Failed to link,HG01174,False
Unknown_Person_390,HG01176,HG01176,True
Unknown_Person_391,HG01177,HG01177,True
Unknown_Person_392,Failed to link,HG01182,False
Unknown_Person_393,HG01183,HG01183,True
Unknown_Person_394,HG01187,HG01187,True
Unknown_Person_395,HG01188,HG01188,True
Unknown_Person_396,HG01190,HG01190,True
Unknown_Person_397,Failed to link,HG01191,False
Unknown_Person_398,HG01197,HG01197,True
Unknown_Person_399,Failed to link,HG01198,False
Unknown_Person_400,HG01200,HG01200,True
Unknown_Person_401,HG01204,HG01204,True
Unknown_Person_402,HG01205,HG01205,True
Unknown_Person_403,Failed to link,HG01241,False
Unknown_Person_404,HG01242,HG01242,True
Unknown_Person_405,HG01247,HG01247,True
Unknown_Person_406,HG01248,HG01248,True
Unknown_Person_407,HG01250,HG01250,True
Unknown_Person_408,Failed to link,HG01251,False
Unknown_Person_409,HG01253,HG01253,True
Unknown_Person_410,HG01254,HG01254,True
Unknown_Person_411,Failed to link,HG01256,False
Unknown_Person_412,HG01257,HG01257,True
Unknown_Person_413,Failed to link,HG01259,False
Unknown_Person_414,HG01260,HG01260,True
Unknown_Person_415,HG01269,HG01269,True
Unknown_Person_416,HG01271,HG01271,True
Unknown_Person_417,Failed to link,HG01272,False
Unknown_Person_418,HG01275,HG01275,True
Unknown_Person_419,HG01277,HG01277,True
Unknown_Person_420,HG01280,HG01280,True
Unknown_Person_421,Failed to link,HG01281,False
Unknown_Person_422,HG01284,HG01284,True
Unknown_Person_423,HG01286,HG01286,True
Unknown_Person_424,Failed to link,HG01302,False
Unknown_Person_425,HG01303,HG01303,True
Unknown_Person_426,HG01305,HG01305,True
Unknown_Person_427,HG01308,HG01308,True
Unknown_Person_428,HG01311,HG01311,True
Unknown_Person_429,HG01312,HG01312,True
Unknown_Person_430,HG01323,HG01323,True
Unknown_Person_431,Failed to link,HG01325,False
Unknown_Person_432,HG01326,HG01326,True
Unknown_Person_433,HG01334,HG01334,True
Unknown_Person_434,HG01341,HG01341,True
Unknown_Person_435,Failed to link,HG01342,False
Unknown_Person_436,HG01344,HG01344,True
Unknown_Person_437,Failed to link,HG01345,False
Unknown_Person_438,HG01348,HG01348,True
Unknown_Person_439,HG01350,HG01350,True
Unknown_Person_440,HG01351,HG01351,True
Unknown_Person_441,HG01353,HG01353,True
Unknown_Person_442,HG01354,HG01354,True
Unknown_Person_443,HG01356,HG01356,True
Unknown_Person_444,HG01357,HG01357,True
Unknown_Person_445,Failed to link,HG01359,False
Unknown_Person_446,HG01360,HG01360,True
Unknown_Person_447,HG01362,HG01362,True
Unknown_Person_448,HG01363,HG01363,True
Unknown_Person_449,Failed to link,HG01365,False
Unknown_Person_450,HG01366,HG01366,True
Unknown_Person_451,HG01369,HG01369,True
Unknown_Person_452,HG01372,HG01372,True
Unknown_Person_453,HG01374,HG01374,True
Unknown_Person_454,HG01375,HG01375,True
Unknown_Person_455,HG01377,HG01377,True
Unknown_Person_456,HG01378,HG01378,True
Unknown_Person_457,HG01383,HG01383,True
Unknown_Person_458,HG01384,HG01384,True
Unknown_Person_459,HG01389,HG01389,True
Unknown_Person_460,Failed to link,HG01390,False
Unknown_Person_461,Failed to link,HG01392,False
Unknown_Person_462,Failed to link,HG01393,False
Unknown_Person_463,HG01395,HG01395,True
Unknown_Person_464,Failed to link,HG01396,False
Unknown_Person_465,HG01398,HG01398,True
Unknown_Person_466,Failed to link,HG01402,False
Unknown_Person_467,HG01403,HG01403,True
Unknown_Person_468,Failed to link,HG01405,False
Unknown_Person_469,HG01412,HG01412,True
Unknown_Person_470,HG01413,HG01413,True
Unknown_Person_471,Failed to link,HG01414,False
Unknown_Person_472,HG01431,HG01431,True
Unknown_Person_473,Failed to link,HG01432,False
Unknown_Person_474,HG01435,HG01435,True
Unknown_Person_475,Failed to link,HG01437,False
Unknown_Person_476,Failed to link,HG01438,False
Unknown_Person_477,Failed to link,HG01440,False
Unknown_Person_478,Failed to link,HG01441,False
Unknown_Person_479,HG01443,HG01443,True
Unknown_Person_480,HG01444,HG01444,True
Unknown_Person_481,HG01447,HG01447,True
Unknown_Person_482,HG01455,HG01455,True
Unknown_Person_483,Failed to link,HG01456,False
Unknown_Person_484,Failed to link,HG01459,False
Unknown_Person_485,HG01461,HG01461,True
Unknown_Person_486,Failed to link,HG01462,False
Unknown_Person_487,HG01464,HG01464,True
Unknown_Person_488,HG01465,HG01465,True
Unknown_Person_489,Failed to link,HG01468,False
Unknown_Person_490,HG01474,HG01474,True
Unknown_Person_491,HG01479,HG01479,True
Unknown_Person_492,HG01485,HG01485,True
Unknown_Person_493,HG01486,HG01486,True
Unknown_Person_494,HG01488,HG01488,True
Unknown_Person_495,Failed to link,HG01489,False
Unknown_Person_496,Failed to link,HG01491,False
Unknown_Person_497,HG01492,HG01492,True
Unknown_Person_498,HG01494,HG01494,True
Unknown_Person_499,HG01495,HG01495,True
Unknown_Person_500,HG01497,HG01497,True
