epsilon,seed,auc,tpr1pct,te_acc
0.1,42,0.5078279474890158,0.008156606851549755,0.22185970636215335
0.1,43,0.5064228289188304,0.022838499184339316,0.4029363784665579
0.1,44,0.48198361227243336,0.008156606851549755,0.19086460032626426
0.1,45,0.5346795504685059,0.01468189233278956,0.24306688417618272
0.1,46,0.4848510654151886,0.0032626427406199023,0.19249592169657423
0.5,42,0.49654441957692097,0.008112651803516405,0.32137030995106036
0.5,43,0.5272960249514994,0.01468189233278956,0.16965742251223492
0.5,44,0.5121045110160763,0.011419249592169658,0.2137030995106036
0.5,45,0.5048500541556116,0.0051060358890701475,0.2039151712887439
0.5,46,0.48140213801564263,0.009787928221859706,0.21533442088091354
1.0,42,0.5032546591123803,0.009787928221859706,0.200652528548124
1.0,43,0.5016326519750166,0.0032626427406199023,0.18433931484502447
1.0,44,0.4951379704020289,0.0065252854812398045,0.21533442088091354
1.0,45,0.4785067421740484,0.008156606851549755,0.32300163132137033
1.0,46,0.5002448312660172,0.008156606851549755,0.25122349102773245
2.0,42,0.4632380531656417,0.013672285662497737,0.19086460032626426
2.0,43,0.5017430921656656,0.009787928221859706,0.31484502446982054
2.0,44,0.507060188573299,0.01468189233278956,0.22185970636215335
2.0,45,0.47115648177470726,0.008156606851549755,0.33115823817292006
2.0,46,0.5128975514212188,0.013262642740619904,0.2463295269168026
5.0,42,0.4714731656948816,0.0032626427406199023,0.2463295269168026
5.0,43,0.48462619321977063,0.006737357259380099,0.37520391517128876
5.0,44,0.49090265562087343,0.013050570962479609,0.33278955954323003
5.0,45,0.5126859852728671,0.011631321370309953,0.3164763458401305
5.0,46,0.5119102427289106,0.01468189233278956,0.265905383360522
10.0,42,0.49396171584138127,0.013050570962479609,0.3360522022838499
10.0,43,0.4926231275065266,0.006949429037520393,0.45024469820554647
10.0,44,0.5212204838610955,0.018015225666122892,0.3425774877650897
10.0,45,0.5146779005186697,0.008156606851549755,0.433931484502447
10.0,46,0.4707692758050824,0.0032626427406199023,0.3833605220228385
