Sample_ID,Population,Super_Population,Gender,Family_ID,Father_ID,Mother_ID,Sex_Label,SNP_1,SNP_2,SNP_3,SNP_4,SNP_5,SNP_6,SNP_7,SNP_8,SNP_9,SNP_10,SNP_11,SNP_12,SNP_13,SNP_14,SNP_15,SNP_16,SNP_17,SNP_18,SNP_19,SNP_20,SNP_21,SNP_22,SNP_23,SNP_24,SNP_25,SNP_26,SNP_27,SNP_28,SNP_29,SNP_30,SNP_31,SNP_32,SNP_33,SNP_34,SNP_35,SNP_36,SNP_37,SNP_38,SNP_39,SNP_40,SNP_41,SNP_42,SNP_43,SNP_44,SNP_45,SNP_46,SNP_47,SNP_48,SNP_49,SNP_50,SNP_51,SNP_52,SNP_53,SNP_54,SNP_55,SNP_56,SNP_57,SNP_58,SNP_59,SNP_60,SNP_61,SNP_62,SNP_63,SNP_64,SNP_65,SNP_66,SNP_67,SNP_68,SNP_69,SNP_70,SNP_71,SNP_72,SNP_73,SNP_74,SNP_75,SNP_76,SNP_77,SNP_78,SNP_79,SNP_80,SNP_81,SNP_82,SNP_83,SNP_84,SNP_85,SNP_86,SNP_87,SNP_88,SNP_89,SNP_90,SNP_91,SNP_92,SNP_93,SNP_94,SNP_95,SNP_96,SNP_97,SNP_98,SNP_99,SNP_100
NA19223,YRI,AFR,male,Y058,0,0,male,0,1,0,0,0,0,2,0,0,0,0,0,2,1,1,1,1,0,0,2,0,2,0,1,0,0,0,0,0,0,0,0,0,0,1,0,0,2,0,0,1,1,1,0,0,0,2,1,1,0,0,2,0,0,0,0,0,0,0,0,1,1,0,1,1,0,0,0,2,1,0,0,0,0,0,2,0,0,0,1,1,0,1,0,0,0,0,0,0,0,0,0,2,0,0,1,0,1,1,0
HG00956,CDX,EAS,female,HG00956,0,0,female,0,0,0,0,0,1,2,0,1,0,0,2,1,0,0,0,2,1,0,0,0,2,0,0,0,0,0,0,0,0,0,0,0,1,0,0,0,0,0,0,1,2,1,0,0,0,1,2,0,0,0,2,0,0,0,0,0,0,0,0,1,0,0,0,0,0,0,1,0,1,0,0,0,1,1,2,0,1,0,1,0,1,0,0,0,1,1,0,0,0,0,0,2,0,0,2,0,0,0,0
NA19466,LWK,AFR,male,NA19466,0,0,male,0,2,2,0,0,0,2,0,1,0,1,1,2,0,0,0,1,0,0,1,0,1,0,1,0,0,0,0,0,0,0,0,0,2,1,1,0,0,0,0,1,0,2,0,0,0,1,0,0,0,0,2,0,0,0,1,0,1,0,0,1,0,0,0,0,0,0,1,0,0,0,0,0,1,2,1,0,0,0,1,0,0,1,0,1,0,0,0,0,0,0,0,1,0,2,1,0,0,0,0
HG00530,CHS,EAS,male,SH038,0,0,male,0,1,1,0,0,0,2,0,0,0,0,1,1,0,0,0,2,0,0,1,0,2,0,2,2,0,1,1,0,0,0,0,0,0,1,0,0,0,0,0,0,0,1,0,0,0,1,2,0,0,0,1,0,0,0,0,0,0,0,0,0,0,0,0,0,0,0,0,0,1,0,0,0,2,1,0,0,1,0,2,0,0,1,0,1,0,0,0,0,0,0,0,2,0,0,2,0,0,0,0
NA19036,LWK,AFR,female,NA19036,0,0,female,0,2,1,1,0,0,2,0,0,0,0,1,2,0,1,0,0,0,0,2,1,1,0,0,0,0,0,0,0,0,0,0,1,0,1,0,0,2,0,0,1,1,2,0,0,0,2,1,1,0,0,2,0,0,0,0,0,0,0,0,0,0,1,0,1,0,0,1,1,1,0,0,0,2,1,1,0,1,0,1,1,0,1,0,0,0,0,0,0,0,0,0,2,0,0,2,0,0,0,0
HG02661,PJL,SAS,female,PK15,0,0,female,0,1,0,0,0,1,2,0,0,0,0,1,2,2,0,0,2,0,0,1,0,2,0,0,0,0,1,0,0,0,0,0,0,0,1,0,0,0,0,0,0,1,1,0,0,0,1,2,0,0,1,2,0,0,0,0,0,1,0,0,1,0,0,1,0,0,0,2,0,0,0,0,0,1,1,1,0,1,0,1,0,1,1,0,1,0,1,0,0,1,0,0,2,0,0,2,0,0,1,0
HG04023,ITU,SAS,male,IT058,0,0,male,0,0,0,0,0,1,2,0,0,0,0,0,2,1,1,0,1,0,0,0,1,2,0,1,0,0,0,0,0,0,0,0,0,0,1,0,0,0,0,0,0,0,1,0,2,0,2,1,0,0,0,2,0,0,0,0,0,0,0,0,1,0,0,0,0,0,0,2,0,0,0,0,0,2,0,1,0,0,0,2,0,0,0,0,0,0,0,0,0,0,0,0,2,0,0,2,0,0,0,0
HG01974,PEL,AMR,male,PEL25,0,0,male,0,0,0,0,0,0,2,0,0,0,0,0,2,0,0,0,2,0,0,0,0,2,0,0,0,0,0,0,0,0,0,0,0,0,1,0,0,0,0,0,0,0,2,1,1,0,0,0,0,0,0,2,0,0,0,2,0,0,0,0,2,0,0,1,0,0,0,0,0,0,0,0,0,1,2,2,0,2,0,1,0,0,0,0,0,0,1,0,1,1,0,0,1,0,0,2,0,0,0,0
NA20514,TSI,EUR,female,NA20514,0,0,female,0,1,0,0,0,0,2,0,1,0,0,0,2,0,0,0,1,0,0,1,0,2,0,0,0,0,0,0,0,0,0,0,0,0,0,0,0,0,0,0,1,0,1,0,0,0,1,2,0,0,1,2,0,0,0,0,0,1,0,0,2,0,0,0,0,0,0,1,2,2,0,0,0,1,1,2,0,1,0,1,0,0,0,0,0,1,1,0,1,1,0,0,2,0,0,1,0,0,0,0
HG03940,BEB,SAS,female,BD42,0,0,female,0,0,0,0,0,0,2,0,1,0,0,1,2,0,0,0,1,1,0,1,0,2,0,0,0,0,1,0,0,0,1,0,0,0,1,0,0,0,0,0,0,0,1,0,0,0,2,1,0,0,1,2,0,0,0,0,0,1,0,0,1,0,0,0,0,0,0,0,1,2,0,0,0,2,1,0,0,1,0,1,0,1,0,0,0,0,0,0,0,1,0,0,2,0,0,1,0,0,0,0
NA19399,LWK,AFR,female,NA19399,0,0,female,0,2,1,0,0,1,2,0,0,0,0,0,2,0,0,0,0,2,0,1,0,2,0,2,0,0,0,0,0,0,1,0,0,1,2,1,0,1,0,0,2,1,2,0,1,1,1,1,0,0,0,2,1,0,0,0,0,2,0,0,0,1,0,0,0,0,0,0,0,0,0,0,0,1,2,2,0,0,0,2,0,0,0,0,2,0,0,0,0,0,0,0,1,0,1,1,1,0,0,0
HG03157,ESN,AFR,male,NG45,0,0,male,0,1,1,0,0,1,2,0,0,0,0,1,2,0,1,0,1,2,0,1,1,2,0,1,0,0,0,0,1,0,0,0,0,0,0,0,0,0,0,0,2,0,2,0,1,1,0,1,2,0,0,2,0,0,1,1,0,1,0,0,0,0,0,0,0,0,0,0,0,1,0,0,0,2,1,2,0,0,1,1,0,0,0,0,1,0,0,0,0,0,0,0,2,0,0,2,0,0,0,0
HG03823,BEB,SAS,female,BD25,0,0,female,0,0,2,0,0,0,2,0,0,0,0,0,2,1,0,0,1,0,0,0,0,2,0,1,1,0,0,0,0,0,0,0,0,1,0,0,0,0,0,0,1,0,1,0,0,0,1,2,0,0,1,2,0,0,0,0,0,0,0,0,1,0,0,1,0,0,0,0,1,2,0,0,0,2,0,1,0,1,0,0,0,0,0,0,1,0,1,0,0,1,0,0,2,0,0,1,0,0,0,0
NA19449,LWK,AFR,female,NA19449,0,0,female,0,0,0,0,0,0,2,0,0,0,0,0,2,0,0,0,2,0,0,2,0,1,0,2,0,0,0,0,0,0,0,0,0,2,1,1,0,0,0,0,2,1,1,0,0,0,1,1,1,1,0,2,0,0,0,0,0,1,0,0,1,0,0,0,1,0,0,0,1,1,0,0,0,1,0,2,0,0,1,1,0,0,0,0,1,0,0,0,0,0,0,0,0,0,0,1,0,0,0,0
NA19661,MXL,AMR,male,m008,0,0,male,0,1,0,0,0,0,2,0,0,0,0,1,2,0,0,0,2,0,0,0,0,2,0,0,0,0,0,1,0,0,0,0,0,0,0,0,0,0,0,0,0,0,1,0,0,0,2,1,0,0,1,2,0,0,0,1,0,2,0,0,1,0,0,0,0,0,0,0,2,2,0,0,0,1,1,2,0,0,0,1,0,0,0,0,1,0,1,0,0,1,0,0,2,0,0,2,0,0,0,0
NA20764,TSI,EUR,female,NA20764,0,0,female,0,1,0,0,0,0,2,0,1,0,0,1,2,0,0,0,1,1,0,2,0,2,0,0,0,0,0,0,0,0,0,0,0,0,1,1,0,0,1,0,1,0,1,0,0,0,2,2,0,0,1,2,0,0,0,0,0,0,0,0,2,0,0,1,1,0,0,1,2,1,0,0,0,0,2,2,0,1,0,1,1,0,0,0,0,0,0,1,0,0,0,0,2,0,0,2,0,0,0,0
HG01251,CLM,AMR,female,CLM14,0,0,female,0,2,0,0,0,0,2,0,1,0,1,0,2,0,0,0,2,1,0,0,0,2,0,0,0,0,0,0,0,0,0,0,0,0,1,0,0,0,0,0,1,1,1,1,1,0,2,2,0,0,1,2,0,0,0,0,0,2,0,0,1,0,0,0,0,0,0,0,2,2,0,0,0,1,2,2,0,2,0,1,0,0,0,0,0,0,0,0,0,1,0,0,2,0,0,2,0,0,0,0
HG00331,FIN,EUR,female,HG00331,0,0,female,0,0,0,0,0,1,2,0,0,0,0,1,0,0,0,0,2,0,0,2,0,2,0,0,0,0,1,0,0,0,0,0,0,1,0,0,0,1,2,0,1,1,1,0,1,0,0,2,2,0,0,2,0,0,0,1,0,0,0,0,1,0,0,0,0,0,0,0,2,2,0,0,0,1,1,2,0,1,0,1,0,0,0,0,1,0,0,0,0,0,0,0,2,0,0,2,0,0,0,0
NA12874,CEU,EUR,male,1459,0,0,male,0,2,0,0,0,0,2,0,0,0,0,0,2,0,0,0,2,1,0,1,0,2,0,1,1,0,0,0,0,0,1,0,0,0,1,0,0,0,0,0,0,0,2,0,0,0,1,2,0,0,0,2,0,0,0,0,0,2,0,0,2,0,0,2,0,0,0,0,2,0,0,0,0,0,0,2,0,2,0,0,0,0,0,0,0,0,0,2,0,0,0,0,2,0,0,2,0,0,0,0
HG02182,CDX,EAS,female,HG02182,0,0,female,0,0,1,0,0,0,2,0,1,0,0,1,2,0,0,0,2,0,0,1,0,2,0,0,0,0,0,0,0,0,0,0,1,0,1,0,0,0,0,0,0,0,2,0,1,0,2,1,0,0,0,2,0,0,0,0,0,0,0,0,0,0,0,0,0,0,0,0,0,1,0,0,0,2,1,2,0,1,0,1,0,1,0,0,0,1,1,0,0,0,0,0,2,0,0,2,0,0,0,0
HG00158,GBR,EUR,female,GBR003,0,0,female,0,2,0,0,0,1,2,0,0,0,0,0,2,0,0,0,1,0,0,1,1,2,0,0,0,0,0,0,0,0,1,0,0,0,0,0,0,0,0,0,0,0,2,0,0,0,1,2,0,0,0,2,0,0,0,0,0,0,0,0,2,0,0,0,0,0,0,0,2,2,0,0,0,0,1,2,0,1,0,2,0,0,0,0,0,1,0,0,0,0,0,0,2,0,0,1,0,0,0,0
HG01673,IBS,EUR,female,IBS027,0,0,female,0,1,1,0,0,0,2,0,1,0,0,2,2,0,1,0,1,1,0,1,0,2,0,0,0,0,0,0,0,0,0,0,0,1,1,0,0,0,0,0,0,0,1,0,0,0,1,2,1,0,1,2,0,0,0,0,0,1,0,0,2,0,0,1,0,0,0,2,2,1,0,0,0,2,2,2,0,1,0,0,1,1,0,0,0,0,0,0,0,0,0,0,2,0,0,2,0,0,0,0
HG01432,CLM,AMR,female,CLM43,0,0,female,0,2,0,0,0,0,2,0,1,0,1,0,2,0,0,0,2,0,0,1,0,2,0,0,0,0,0,0,0,0,0,0,0,1,0,0,0,0,0,0,1,0,1,0,0,0,2,1,0,0,1,2,0,0,0,0,0,1,0,0,2,0,0,0,0,0,0,0,1,1,0,0,0,2,1,2,0,0,0,1,0,0,0,0,0,0,0,0,0,0,0,0,2,0,0,2,0,0,0,0
HG01443,CLM,AMR,male,CLM47,0,0,male,1,0,1,1,0,0,2,0,0,0,0,0,2,0,1,0,2,0,0,1,0,2,0,0,0,0,0,0,0,0,0,0,0,0,0,0,0,0,0,0,0,1,1,0,0,0,1,1,0,0,0,2,0,0,0,0,1,2,0,0,1,0,0,0,0,0,0,0,1,1,0,0,0,1,1,2,0,2,0,1,0,0,0,0,0,0,1,0,1,1,0,0,2,0,0,1,0,0,0,0
NA18488,YRI,AFR,female,Y001,0,0,female,0,2,1,0,0,1,2,0,0,0,1,0,2,1,0,1,2,0,0,2,1,2,0,0,0,0,0,0,0,0,0,0,0,0,0,0,1,2,0,0,1,2,2,0,0,0,0,1,1,0,0,1,0,0,1,1,0,1,0,0,0,1,0,0,0,0,0,0,2,1,0,0,1,1,1,1,0,0,0,0,1,0,1,0,1,0,0,0,0,0,0,1,2,0,1,2,0,1,0,0
HG01631,IBS,EUR,male,IBS014,0,0,male,0,0,0,0,0,0,2,0,1,0,0,0,2,0,0,0,2,1,0,2,0,2,0,1,1,0,0,0,0,0,1,0,0,0,1,0,0,0,1,0,1,0,2,0,0,0,1,2,0,0,0,2,0,0,0,0,1,2,0,0,2,0,0,1,0,0,0,0,1,1,0,0,0,0,1,2,0,0,0,1,0,0,0,0,0,1,0,0,0,0,0,0,2,0,0,2,0,0,0,0
NA19347,LWK,AFR,male,NA19347,0,0,male,0,1,1,0,0,1,1,0,0,0,1,2,2,0,0,1,2,1,0,2,0,2,0,0,0,0,0,0,0,0,0,0,0,0,1,0,0,2,0,0,0,0,1,0,0,0,1,2,0,1,1,2,0,0,0,0,1,2,0,1,0,0,0,0,0,0,0,0,2,2,0,0,0,0,0,2,0,0,0,1,1,0,1,0,0,0,0,0,0,0,0,0,2,0,0,2,1,0,0,0
NA12827,CEU,EUR,male,1456,0,0,male,0,0,0,0,0,0,2,0,1,0,0,1,2,0,0,0,2,1,0,1,0,2,0,0,0,0,0,0,0,0,0,0,1,1,0,0,0,1,0,0,0,0,2,0,0,0,0,2,0,0,0,2,0,0,0,0,0,1,0,0,0,0,0,1,0,0,0,1,2,2,0,0,0,2,1,2,0,2,0,0,0,0,0,0,1,0,0,0,0,1,0,0,1,0,0,2,0,0,0,0
HG03045,GWD,AFR,male,GB112,0,0,male,0,2,1,0,0,0,1,0,0,1,0,1,2,0,0,1,2,1,0,0,2,2,0,1,0,0,0,0,0,0,0,0,0,1,1,0,0,2,0,0,1,1,1,0,0,0,2,2,0,0,1,2,0,0,0,2,0,2,0,0,0,0,0,0,0,0,0,0,1,0,0,0,0,2,1,1,0,0,0,0,1,0,1,0,0,0,1,0,0,0,0,0,2,0,0,2,0,0,0,0
HG03913,BEB,SAS,female,BD33,0,0,female,0,0,0,0,0,0,2,0,0,0,0,1,2,2,0,0,2,1,0,0,1,2,0,0,0,0,1,0,0,0,0,0,0,0,0,0,0,0,0,0,0,0,1,0,2,0,0,0,0,0,1,2,0,0,0,0,0,0,0,0,1,0,0,0,1,0,0,1,1,1,0,0,0,1,1,1,0,1,0,2,0,0,1,0,0,1,2,0,0,0,0,0,2,0,0,1,0,0,0,0
HG03714,ITU,SAS,female,IT009,0,0,female,0,0,0,0,0,0,2,0,0,0,0,1,2,0,0,0,2,0,0,0,0,2,0,0,0,0,1,0,0,0,0,0,0,1,0,0,0,0,0,0,0,1,0,0,1,0,2,2,1,0,0,2,0,0,0,0,0,1,0,0,1,0,0,0,0,0,0,1,1,1,0,0,0,2,0,1,0,0,0,2,0,0,0,0,1,0,2,0,0,0,0,0,1,0,0,2,0,0,0,0
HG02891,GWD,AFR,female,GB91,0,0,female,0,1,0,0,0,0,2,0,0,0,0,0,2,0,1,0,1,0,0,1,0,0,0,2,0,0,0,0,0,0,1,0,1,1,0,0,0,1,0,0,1,1,1,0,0,0,1,2,1,0,1,2,0,0,1,0,0,1,0,0,0,0,0,0,0,0,0,0,1,0,0,0,0,1,1,2,0,0,0,2,1,0,1,0,0,0,0,0,1,0,0,0,2,0,1,0,0,0,0,0
HG01699,IBS,EUR,male,IBS035,0,0,male,0,0,0,0,0,0,2,0,0,0,0,1,1,0,0,0,1,0,0,0,0,2,0,1,1,0,0,0,0,0,0,0,0,1,0,0,0,0,0,0,1,0,1,0,0,0,0,1,0,0,1,2,0,0,0,0,0,1,0,0,2,0,0,0,0,0,0,1,2,0,0,0,0,1,1,1,0,0,0,2,0,0,0,1,1,0,0,0,0,1,0,0,2,0,0,2,0,0,0,0
NA19720,MXL,AMR,male,m015,0,0,male,0,2,0,0,0,0,2,0,0,0,1,0,2,0,0,0,2,0,0,0,1,2,0,0,0,0,0,0,0,0,0,0,0,0,1,0,0,0,0,0,1,1,2,0,1,0,1,1,0,0,0,2,0,0,0,1,0,2,0,0,0,0,0,1,0,0,0,1,1,1,0,0,0,2,2,1,0,1,0,1,0,0,0,0,0,0,1,0,0,1,0,0,2,0,0,2,0,0,0,0
NA18570,CHB,EAS,female,NA18570,0,0,female,0,0,0,0,0,0,2,0,1,0,1,0,2,0,0,0,2,1,0,0,0,2,0,1,1,0,1,0,1,0,0,0,0,0,0,0,0,0,0,0,1,0,1,0,0,0,1,1,0,0,2,2,1,0,0,0,0,1,0,0,1,0,0,0,1,0,0,1,1,1,0,0,0,1,2,1,0,0,0,1,0,1,0,0,1,0,1,0,0,0,0,0,0,0,0,2,0,0,0,0
HG03995,STU,SAS,female,ST021,0,0,female,0,2,1,1,0,0,2,0,0,0,0,0,2,0,0,0,2,1,0,0,0,2,0,0,0,0,1,0,0,0,0,0,0,0,0,0,0,0,0,0,1,0,1,0,0,0,1,0,0,0,2,2,0,0,0,0,0,1,0,0,1,0,0,0,1,0,0,1,1,1,0,0,0,0,2,0,0,1,0,1,0,0,0,0,0,0,0,0,0,0,0,0,2,0,0,1,0,0,0,0
HG02676,GWD,AFR,female,GB43,0,0,female,0,2,2,1,0,0,2,0,0,0,1,0,2,1,0,0,2,0,0,0,1,2,0,2,0,0,0,0,1,0,0,0,1,1,0,0,0,2,0,0,0,2,1,0,0,0,2,2,2,1,1,2,0,0,0,1,0,1,0,1,0,0,1,0,0,0,0,0,0,0,0,0,0,2,1,2,0,0,1,2,0,0,1,0,1,0,0,0,0,0,0,0,2,0,0,2,0,1,0,0
HG01112,CLM,AMR,male,CLM03,0,0,male,0,2,1,0,0,0,2,0,0,0,0,0,2,0,0,0,2,0,0,0,0,2,0,0,0,0,1,0,0,0,0,0,0,0,0,0,0,1,0,0,1,0,1,0,0,0,2,2,0,0,0,2,1,0,0,0,0,1,0,0,2,0,0,0,0,0,0,0,2,2,0,0,0,2,2,2,0,2,0,2,0,0,0,0,2,0,1,0,0,1,0,0,2,0,0,2,0,0,0,0
HG01695,IBS,EUR,female,IBS034,0,0,female,0,1,1,0,0,0,2,0,0,0,0,1,2,0,0,0,2,0,0,2,0,2,0,0,0,0,0,0,0,0,0,0,1,2,1,0,0,1,1,0,0,0,0,0,0,0,2,2,0,0,0,2,0,0,0,2,0,2,0,0,0,0,0,0,0,0,0,0,2,2,0,0,0,1,1,2,0,0,0,1,2,0,1,0,0,1,1,0,1,1,0,0,2,0,0,2,0,0,0,0
HG02555,ACB,AFR,female,BB67,0,0,female,0,1,1,0,1,0,1,0,0,0,1,0,2,1,1,0,1,0,0,1,0,0,0,0,0,0,0,0,0,0,0,1,1,1,0,1,0,2,0,0,1,2,2,0,1,1,2,1,1,0,1,2,0,0,1,0,0,1,0,0,0,0,0,0,1,0,0,0,1,1,0,0,0,1,0,2,0,0,0,2,0,0,0,0,0,0,1,0,0,0,0,0,2,0,0,2,0,0,0,0
HG00188,FIN,EUR,male,HG00188,0,0,male,0,0,0,0,0,0,2,0,0,0,0,1,2,0,0,0,2,1,0,1,0,2,0,0,0,0,0,0,0,0,0,0,0,0,0,0,0,0,0,0,1,1,0,0,1,0,1,2,0,0,0,2,0,0,0,2,1,1,0,0,1,0,0,0,0,0,0,1,2,2,0,0,0,0,0,2,0,1,0,0,0,1,0,0,0,1,0,0,0,0,0,0,2,0,0,1,0,0,0,0
HG03575,MSL,AFR,female,SL71,0,0,female,0,2,1,1,0,1,2,0,0,0,1,1,2,0,1,0,1,1,0,2,0,2,0,0,0,0,0,0,0,0,0,0,0,1,1,0,0,2,0,0,0,1,0,0,0,0,2,1,2,0,0,2,0,0,0,0,0,0,0,0,0,1,0,0,0,1,0,0,2,2,0,1,0,2,2,1,0,0,1,1,0,0,1,0,0,0,0,0,0,1,0,0,2,0,0,1,1,1,0,0
NA20853,GIH,SAS,female,NA20853,0,0,female,0,1,1,0,0,0,2,0,0,0,0,2,2,2,0,0,2,0,0,0,1,2,0,0,0,0,1,0,0,0,0,0,0,1,0,0,0,0,0,0,0,0,2,0,0,0,2,2,0,0,0,2,0,0,0,0,0,0,0,0,1,0,0,0,0,0,0,1,2,2,0,0,0,0,1,0,0,0,0,0,0,1,0,0,0,0,1,0,0,0,0,0,2,0,0,2,0,0,0,0
NA20815,TSI,EUR,male,NA20815,0,0,male,1,1,1,0,0,0,2,0,1,0,0,2,2,0,0,0,1,1,0,0,0,2,0,1,1,0,0,0,0,0,0,0,1,1,0,0,0,0,0,0,1,0,1,0,1,0,0,2,0,0,0,2,0,0,0,0,0,0,0,0,2,0,0,1,0,0,0,1,2,2,0,0,0,2,1,1,0,1,0,2,0,0,0,0,0,1,0,0,0,0,0,0,2,1,0,1,0,0,1,0
NA19063,JPT,EAS,male,NA19063,0,0,male,0,0,0,0,0,0,2,0,0,0,0,1,1,0,0,0,2,0,0,1,0,2,0,0,0,0,0,0,0,0,0,0,0,0,0,0,0,0,0,0,2,0,2,0,0,0,1,2,0,0,1,1,0,0,0,0,0,1,0,0,1,0,0,0,0,0,0,0,0,0,0,0,0,1,1,1,0,1,0,2,0,1,0,0,0,0,0,0,1,1,0,0,2,0,0,2,0,0,0,0
NA19308,LWK,AFR,male,NA19308,0,0,male,0,2,2,0,0,0,1,0,0,0,0,2,2,0,0,1,0,0,0,2,0,1,0,0,0,0,0,0,0,0,0,0,0,0,0,0,0,2,0,0,0,0,2,0,1,0,2,2,0,0,0,2,0,0,0,0,1,1,0,0,1,1,0,0,0,0,0,0,0,0,0,0,0,2,1,2,0,0,0,1,1,0,2,0,2,0,1,0,0,0,0,0,2,1,0,1,0,0,1,0
HG02058,KHV,EAS,male,VN060,0,0,male,0,1,1,0,0,0,2,0,0,0,0,1,1,0,0,0,2,0,0,0,0,2,0,0,0,0,2,0,0,0,0,0,0,1,0,0,0,0,0,0,1,0,2,1,0,0,1,2,0,0,0,1,0,0,0,0,0,0,0,0,0,0,0,0,0,0,0,0,1,1,0,0,0,2,1,2,0,1,0,0,0,0,0,0,1,0,1,0,0,0,0,0,0,0,0,2,0,0,0,0
NA19393,LWK,AFR,male,NA19393,0,0,male,0,2,2,0,0,0,2,0,0,0,0,0,2,0,1,0,2,0,0,1,1,2,0,0,0,1,0,0,0,0,0,0,0,1,2,1,0,1,0,0,1,0,1,0,1,0,2,0,0,0,0,2,0,0,0,0,0,1,0,0,0,1,0,0,0,1,0,0,2,0,1,0,0,2,1,2,0,0,1,1,1,0,2,0,2,0,0,0,0,1,0,0,2,0,0,1,0,0,0,0
NA19463,LWK,AFR,female,NA19463,0,0,female,0,1,0,1,0,0,2,0,0,0,1,0,2,1,1,0,2,0,0,0,0,2,0,0,0,0,0,0,0,0,0,0,0,1,0,1,0,1,0,0,1,1,1,0,0,0,1,2,1,0,0,1,0,0,0,0,0,2,1,0,1,0,0,0,0,0,0,0,1,1,0,0,1,2,1,2,0,1,1,2,0,0,1,0,0,0,0,0,0,0,0,0,2,0,0,2,0,1,0,0
HG01863,KHV,EAS,female,VN030,0,0,female,0,1,1,0,0,0,2,0,0,0,0,0,2,1,0,0,2,0,0,2,0,2,0,0,0,0,1,0,0,0,0,0,0,1,0,0,0,0,0,0,0,1,0,0,1,0,1,2,0,0,1,2,0,0,0,0,0,1,0,0,1,0,0,0,0,0,0,0,1,1,0,0,0,0,2,1,0,1,0,1,1,1,0,0,1,0,1,0,0,0,0,0,2,0,0,2,0,0,0,0
